Time,Oxygen Level,Pulse Rate,Motion,O2 Reminder,PR Reminder
19:21:37 Jul 16 2025,90,78,41,0,0
19:21:39 Jul 16 2025,90,78,15,0,0
19:21:41 Jul 16 2025,90,78,13,0,0
19:21:43 Jul 16 2025,90,78,22,0,0
19:21:45 Jul 16 2025,90,78,11,0,0
19:21:47 Jul 16 2025,90,78,11,0,0
19:21:49 Jul 16 2025,90,78,14,0,0
19:21:51 Jul 16 2025,90,78,17,0,0
19:21:53 Jul 16 2025,93,78,9,0,0
19:21:55 Jul 16 2025,93,78,4,0,0
19:21:57 Jul 16 2025,91,75,11,0,0
19:21:59 Jul 16 2025,93,78,19,0,0
19:22:01 Jul 16 2025,92,77,12,0,0
19:22:03 Jul 16 2025,92,78,24,0,0
19:22:05 Jul 16 2025,93,77,6,0,0
19:22:07 Jul 16 2025,93,77,3,0,0
19:22:09 Jul 16 2025,93,77,7,0,0
19:22:11 Jul 16 2025,93,77,20,0,0
19:22:13 Jul 16 2025,93,77,18,0,0
19:22:15 Jul 16 2025,93,77,36,0,0
19:22:17 Jul 16 2025,93,77,2,0,0
19:22:19 Jul 16 2025,93,77,22,0,0
19:22:21 Jul 16 2025,93,77,10,0,0
19:22:23 Jul 16 2025,93,77,12,0,0
19:22:25 Jul 16 2025,93,77,28,0,0
19:22:27 Jul 16 2025,93,77,16,0,0
19:22:29 Jul 16 2025,93,77,3,0,0
19:22:31 Jul 16 2025,93,77,1,0,0
19:22:33 Jul 16 2025,93,77,1,0,0
19:22:35 Jul 16 2025,93,77,0,0,0
19:22:37 Jul 16 2025,93,77,18,0,0
19:22:39 Jul 16 2025,93,78,3,0,0
19:22:41 Jul 16 2025,93,77,8,0,0
19:22:43 Jul 16 2025,93,78,5,0,0
19:22:45 Jul 16 2025,93,78,5,0,0
19:22:47 Jul 16 2025,93,78,0,0,0
19:22:49 Jul 16 2025,93,79,0,0,0
19:22:51 Jul 16 2025,93,79,1,0,0
19:22:53 Jul 16 2025,93,80,2,0,0
19:22:55 Jul 16 2025,93,80,0,0,0
19:22:57 Jul 16 2025,93,81,21,0,0
19:22:59 Jul 16 2025,93,81,1,0,0
19:23:01 Jul 16 2025,93,81,0,0,0
19:23:03 Jul 16 2025,93,77,3,0,0
19:23:05 Jul 16 2025,93,74,1,0,0
19:23:07 Jul 16 2025,93,72,0,0,0
19:23:09 Jul 16 2025,93,70,0,0,0
19:23:11 Jul 16 2025,93,70,0,0,0
19:23:13 Jul 16 2025,93,69,0,0,0
19:23:15 Jul 16 2025,93,69,0,0,0
19:23:17 Jul 16 2025,93,69,0,0,0
19:23:19 Jul 16 2025,94,76,3,0,0
19:23:21 Jul 16 2025,95,79,1,0,0
19:23:23 Jul 16 2025,96,82,0,0,0
19:23:25 Jul 16 2025,97,84,1,0,0
19:23:27 Jul 16 2025,97,85,1,0,0
19:23:29 Jul 16 2025,97,85,6,0,0
19:23:31 Jul 16 2025,97,86,6,0,0
19:23:33 Jul 16 2025,97,88,2,0,0
19:23:35 Jul 16 2025,97,88,3,0,0
19:23:37 Jul 16 2025,97,89,4,0,0
19:23:39 Jul 16 2025,97,89,20,0,0
19:23:41 Jul 16 2025,97,89,0,0,0
19:23:43 Jul 16 2025,97,89,3,0,0
19:23:45 Jul 16 2025,97,89,4,0,0
19:23:47 Jul 16 2025,97,89,2,0,0
19:23:49 Jul 16 2025,97,89,3,0,0
19:23:51 Jul 16 2025,97,89,0,0,0
19:23:53 Jul 16 2025,97,89,0,0,0
19:23:55 Jul 16 2025,96,88,0,0,0
19:23:57 Jul 16 2025,96,87,0,0,0
19:23:59 Jul 16 2025,96,86,0,0,0
19:24:01 Jul 16 2025,95,85,0,0,0
19:24:03 Jul 16 2025,95,85,5,0,0
19:24:05 Jul 16 2025,96,85,1,0,0
19:24:07 Jul 16 2025,96,86,0,0,0
19:24:09 Jul 16 2025,96,86,0,0,0
19:24:11 Jul 16 2025,96,86,0,0,0
19:24:13 Jul 16 2025,96,85,0,0,0
19:24:15 Jul 16 2025,97,83,0,0,0
19:24:17 Jul 16 2025,97,83,0,0,0
19:24:19 Jul 16 2025,98,82,0,0,0
19:24:21 Jul 16 2025,98,82,0,0,0
19:24:23 Jul 16 2025,98,82,0,0,0
19:24:25 Jul 16 2025,98,83,1,0,0
19:24:27 Jul 16 2025,98,83,16,0,0
19:24:29 Jul 16 2025,97,83,6,0,0
19:24:31 Jul 16 2025,97,84,0,0,0
19:24:33 Jul 16 2025,97,85,0,0,0
19:24:35 Jul 16 2025,97,85,0,0,0
19:24:37 Jul 16 2025,97,86,9,0,0
19:24:39 Jul 16 2025,97,87,1,0,0
19:24:41 Jul 16 2025,97,87,0,0,0
19:24:43 Jul 16 2025,97,87,0,0,0
19:24:45 Jul 16 2025,97,88,0,0,0
19:24:47 Jul 16 2025,97,87,0,0,0
19:24:49 Jul 16 2025,97,87,0,0,0
19:24:51 Jul 16 2025,97,86,0,0,0
19:24:53 Jul 16 2025,97,86,0,0,0
19:24:55 Jul 16 2025,97,86,0,0,0
19:24:57 Jul 16 2025,97,86,0,0,0
19:24:59 Jul 16 2025,97,86,0,0,0
19:25:01 Jul 16 2025,97,85,13,0,0
19:25:03 Jul 16 2025,97,85,4,0,0
19:25:05 Jul 16 2025,98,84,0,0,0
19:25:07 Jul 16 2025,98,84,0,0,0
19:25:09 Jul 16 2025,98,84,2,0,0
19:25:11 Jul 16 2025,97,84,0,0,0
19:25:13 Jul 16 2025,96,84,0,0,0
19:25:15 Jul 16 2025,96,84,0,0,0
19:25:17 Jul 16 2025,95,85,0,0,0
19:25:19 Jul 16 2025,95,86,0,0,0
19:25:21 Jul 16 2025,95,86,0,0,0
19:25:23 Jul 16 2025,95,87,0,0,0
19:25:25 Jul 16 2025,95,87,0,0,0
19:25:27 Jul 16 2025,95,87,0,0,0
19:25:29 Jul 16 2025,95,87,0,0,0
19:25:31 Jul 16 2025,95,87,0,0,0
19:25:33 Jul 16 2025,95,86,0,0,0
19:25:35 Jul 16 2025,94,86,0,0,0
19:25:37 Jul 16 2025,94,86,0,0,0
19:25:39 Jul 16 2025,95,86,17,0,0
19:25:41 Jul 16 2025,95,86,13,0,0
19:25:43 Jul 16 2025,95,86,0,0,0
19:25:45 Jul 16 2025,95,86,0,0,0
19:25:47 Jul 16 2025,95,86,0,0,0
19:25:49 Jul 16 2025,95,86,0,0,0
19:25:51 Jul 16 2025,96,86,0,0,0
19:25:53 Jul 16 2025,96,86,0,0,0
19:25:55 Jul 16 2025,97,86,0,0,0
19:25:57 Jul 16 2025,97,86,0,0,0
19:25:59 Jul 16 2025,97,86,0,0,0
19:26:01 Jul 16 2025,97,85,0,0,0
19:26:03 Jul 16 2025,97,85,0,0,0
19:26:05 Jul 16 2025,97,85,0,0,0
19:26:07 Jul 16 2025,97,84,0,0,0
19:26:09 Jul 16 2025,97,83,0,0,0
19:26:11 Jul 16 2025,97,83,0,0,0
19:26:13 Jul 16 2025,97,84,0,0,0
19:26:15 Jul 16 2025,97,85,0,0,0
19:26:17 Jul 16 2025,97,85,0,0,0
19:26:19 Jul 16 2025,97,85,0,0,0
19:26:21 Jul 16 2025,97,85,0,0,0
19:26:23 Jul 16 2025,97,85,0,0,0
19:26:25 Jul 16 2025,97,85,1,0,0
19:26:27 Jul 16 2025,97,85,2,0,0
19:26:29 Jul 16 2025,97,85,5,0,0
19:26:31 Jul 16 2025,97,85,4,0,0
19:26:33 Jul 16 2025,98,85,5,0,0
19:26:35 Jul 16 2025,98,85,8,0,0
19:26:37 Jul 16 2025,98,85,6,0,0
19:26:39 Jul 16 2025,98,85,10,0,0
19:26:41 Jul 16 2025,98,85,21,0,0
19:26:43 Jul 16 2025,97,87,24,0,0
19:26:45 Jul 16 2025,97,88,6,0,0
19:26:47 Jul 16 2025,97,89,18,0,0
19:26:49 Jul 16 2025,97,89,10,0,0
19:26:51 Jul 16 2025,97,89,7,0,0
19:26:53 Jul 16 2025,97,89,6,0,0
19:26:55 Jul 16 2025,97,89,7,0,0
19:26:57 Jul 16 2025,97,89,5,0,0
19:26:59 Jul 16 2025,97,87,8,0,0
19:27:01 Jul 16 2025,97,87,12,0,0
19:27:03 Jul 16 2025,97,87,6,0,0
19:27:05 Jul 16 2025,97,87,8,0,0
19:27:07 Jul 16 2025,97,87,5,0,0
19:27:09 Jul 16 2025,97,87,6,0,0
19:27:11 Jul 16 2025,97,87,4,0,0
19:27:13 Jul 16 2025,97,86,1,0,0
19:27:15 Jul 16 2025,97,86,1,0,0
19:27:17 Jul 16 2025,97,87,6,0,0
19:27:19 Jul 16 2025,97,87,7,0,0
19:27:21 Jul 16 2025,97,86,5,0,0
19:27:23 Jul 16 2025,97,86,8,0,0
19:27:25 Jul 16 2025,97,85,4,0,0
19:27:27 Jul 16 2025,97,85,8,0,0
19:27:29 Jul 16 2025,97,84,4,0,0
19:27:31 Jul 16 2025,97,84,5,0,0
19:27:33 Jul 16 2025,97,82,6,0,0
19:27:35 Jul 16 2025,97,80,5,0,0
19:27:37 Jul 16 2025,97,78,4,0,0
19:27:39 Jul 16 2025,97,80,7,0,0
19:27:41 Jul 16 2025,97,79,3,0,0
19:27:43 Jul 16 2025,97,79,0,0,0
19:27:45 Jul 16 2025,97,79,0,0,0
19:27:47 Jul 16 2025,97,79,0,0,0
19:27:49 Jul 16 2025,97,80,3,0,0
19:27:51 Jul 16 2025,96,82,4,0,0
19:27:53 Jul 16 2025,96,83,2,0,0
19:27:55 Jul 16 2025,96,83,6,0,0
19:27:57 Jul 16 2025,96,83,5,0,0
19:27:59 Jul 16 2025,96,83,4,0,0
19:28:01 Jul 16 2025,96,83,8,0,0
19:28:03 Jul 16 2025,96,83,4,0,0
19:28:05 Jul 16 2025,96,83,11,0,0
19:28:07 Jul 16 2025,96,83,0,0,0
19:28:09 Jul 16 2025,96,83,0,0,0
19:28:11 Jul 16 2025,96,83,3,0,0
19:28:13 Jul 16 2025,96,83,0,0,0
19:28:15 Jul 16 2025,96,84,0,0,0
19:28:17 Jul 16 2025,96,86,0,0,0
19:28:19 Jul 16 2025,97,87,0,0,0
19:28:21 Jul 16 2025,97,88,0,0,0
19:28:23 Jul 16 2025,97,88,2,0,0
19:28:25 Jul 16 2025,97,86,0,0,0
19:28:27 Jul 16 2025,97,85,0,0,0
19:28:29 Jul 16 2025,97,85,0,0,0
19:28:31 Jul 16 2025,97,84,10,0,0
19:28:33 Jul 16 2025,97,84,1,0,0
19:28:35 Jul 16 2025,97,85,0,0,0
19:28:37 Jul 16 2025,97,85,0,0,0
19:28:39 Jul 16 2025,97,85,0,0,0
19:28:41 Jul 16 2025,96,84,0,0,0
19:28:43 Jul 16 2025,96,84,0,0,0
19:28:45 Jul 16 2025,95,84,0,0,0
19:28:47 Jul 16 2025,94,84,0,0,0
19:28:49 Jul 16 2025,94,85,0,0,0
19:28:51 Jul 16 2025,94,85,0,0,0
19:28:53 Jul 16 2025,93,86,0,0,0
19:28:55 Jul 16 2025,93,86,0,0,0
19:28:57 Jul 16 2025,94,86,1,0,0
19:28:59 Jul 16 2025,94,86,5,0,0
19:29:01 Jul 16 2025,94,86,10,0,0
19:29:03 Jul 16 2025,94,86,9,0,0
19:29:05 Jul 16 2025,94,86,14,0,0
19:29:07 Jul 16 2025,94,86,17,0,0
19:29:09 Jul 16 2025,94,86,20,0,0
19:29:11 Jul 16 2025,94,88,15,0,0
19:29:13 Jul 16 2025,94,87,31,0,0
19:29:15 Jul 16 2025,94,88,21,0,0
19:29:17 Jul 16 2025,94,89,30,0,0
19:29:19 Jul 16 2025,94,88,46,0,0
19:29:21 Jul 16 2025,94,88,20,0,0
19:29:23 Jul 16 2025,94,88,40,0,0
19:29:25 Jul 16 2025,94,88,18,0,0
19:29:27 Jul 16 2025,94,88,11,0,0
19:29:29 Jul 16 2025,94,88,31,0,0
19:29:31 Jul 16 2025,94,88,36,0,0
19:29:33 Jul 16 2025,94,89,39,0,0
19:29:35 Jul 16 2025,94,89,36,0,0
19:29:37 Jul 16 2025,94,92,27,0,0
19:29:39 Jul 16 2025,95,99,22,0,0
19:29:41 Jul 16 2025,96,107,21,0,0
19:29:43 Jul 16 2025,97,110,45,0,0
19:29:45 Jul 16 2025,97,112,33,0,0
19:29:47 Jul 16 2025,97,113,24,0,0
19:29:49 Jul 16 2025,97,113,24,0,0
19:29:51 Jul 16 2025,97,112,24,0,0
19:29:53 Jul 16 2025,97,112,19,0,0
19:29:55 Jul 16 2025,97,114,11,0,0
19:29:57 Jul 16 2025,97,116,19,0,0
19:29:59 Jul 16 2025,96,116,69,0,0
19:30:01 Jul 16 2025,95,116,28,0,0
19:30:03 Jul 16 2025,95,117,35,0,0
19:30:05 Jul 16 2025,94,116,24,0,0
19:30:07 Jul 16 2025,94,117,24,0,0
19:30:09 Jul 16 2025,93,117,35,0,0
19:30:11 Jul 16 2025,94,118,27,0,0
19:30:13 Jul 16 2025,94,118,28,0,0
19:30:15 Jul 16 2025,94,118,26,0,0
19:30:17 Jul 16 2025,94,119,61,0,0
19:30:19 Jul 16 2025,94,118,11,0,0
19:30:21 Jul 16 2025,94,118,10,0,0
19:30:23 Jul 16 2025,94,118,25,0,0
19:30:25 Jul 16 2025,94,118,32,0,0
19:30:27 Jul 16 2025,94,118,35,0,0
19:30:29 Jul 16 2025,95,118,79,0,0
19:30:31 Jul 16 2025,95,118,22,0,0
19:30:33 Jul 16 2025,96,117,51,0,0
19:30:35 Jul 16 2025,96,117,32,0,0
19:30:37 Jul 16 2025,96,116,30,0,0
19:30:39 Jul 16 2025,97,117,23,0,0
19:30:41 Jul 16 2025,97,117,11,0,0
19:30:43 Jul 16 2025,98,118,16,0,0
19:30:45 Jul 16 2025,98,119,15,0,0
19:30:47 Jul 16 2025,98,117,31,0,0
19:30:49 Jul 16 2025,98,118,23,0,0
19:30:51 Jul 16 2025,98,118,22,0,0
19:30:53 Jul 16 2025,98,117,37,0,0
19:30:55 Jul 16 2025,98,116,19,0,0
19:30:57 Jul 16 2025,98,116,24,0,0
19:30:59 Jul 16 2025,98,116,35,0,0
19:31:01 Jul 16 2025,98,115,27,0,0
19:31:03 Jul 16 2025,98,115,28,0,0
19:31:05 Jul 16 2025,98,115,24,0,0
19:31:07 Jul 16 2025,98,115,25,0,0
19:31:09 Jul 16 2025,98,115,32,0,0
19:31:11 Jul 16 2025,98,115,24,0,0
19:31:13 Jul 16 2025,98,115,33,0,0
19:31:15 Jul 16 2025,98,116,26,0,0
19:31:17 Jul 16 2025,97,117,25,0,0
19:31:19 Jul 16 2025,97,118,26,0,0
19:31:21 Jul 16 2025,97,118,24,0,0
19:31:23 Jul 16 2025,97,118,27,0,0
19:31:25 Jul 16 2025,98,119,33,0,0
19:31:27 Jul 16 2025,98,119,30,0,0
19:31:29 Jul 16 2025,98,118,27,0,0
19:31:31 Jul 16 2025,98,118,56,0,0
19:31:33 Jul 16 2025,98,118,29,0,0
19:31:35 Jul 16 2025,98,119,40,0,0
19:31:37 Jul 16 2025,98,118,37,0,0
19:31:39 Jul 16 2025,98,119,36,0,0
19:31:41 Jul 16 2025,98,120,24,0,0
19:31:43 Jul 16 2025,98,119,28,0,0
19:31:45 Jul 16 2025,98,118,23,0,0
19:31:47 Jul 16 2025,98,118,21,0,0
19:31:49 Jul 16 2025,98,118,34,0,0
19:31:51 Jul 16 2025,98,117,27,0,0
19:31:53 Jul 16 2025,98,116,18,0,0
19:31:55 Jul 16 2025,98,116,36,0,0
19:31:57 Jul 16 2025,98,117,36,0,0
19:31:59 Jul 16 2025,98,116,21,0,0
19:32:01 Jul 16 2025,98,116,36,0,0
19:32:03 Jul 16 2025,98,118,29,0,0
19:32:05 Jul 16 2025,98,118,30,0,0
19:32:07 Jul 16 2025,99,119,36,0,0
19:32:09 Jul 16 2025,99,118,103,0,0
19:32:11 Jul 16 2025,99,119,37,0,0
19:32:13 Jul 16 2025,99,118,35,0,0
19:32:15 Jul 16 2025,99,117,13,0,0
19:32:17 Jul 16 2025,99,119,25,0,0
19:32:19 Jul 16 2025,99,120,12,0,0
19:32:21 Jul 16 2025,99,120,23,0,0
19:32:23 Jul 16 2025,99,120,34,0,0
19:32:25 Jul 16 2025,99,120,29,0,0
19:32:27 Jul 16 2025,99,119,19,0,0
19:32:29 Jul 16 2025,99,119,60,0,0
19:32:31 Jul 16 2025,99,116,21,0,0
19:32:33 Jul 16 2025,99,116,37,0,0
19:32:35 Jul 16 2025,99,116,22,0,0
19:32:37 Jul 16 2025,99,117,22,0,0
19:32:39 Jul 16 2025,99,117,24,0,0
19:32:41 Jul 16 2025,99,116,43,0,0
19:32:43 Jul 16 2025,98,117,17,0,0
19:32:45 Jul 16 2025,98,116,22,0,0
19:32:47 Jul 16 2025,98,116,54,0,0
19:32:49 Jul 16 2025,98,117,20,0,0
19:32:51 Jul 16 2025,98,118,23,0,0
19:32:53 Jul 16 2025,98,117,26,0,0
19:32:55 Jul 16 2025,98,117,10,0,0
19:32:57 Jul 16 2025,96,117,18,0,0
19:32:59 Jul 16 2025,94,118,20,0,0
19:33:01 Jul 16 2025,91,117,15,0,0
19:33:03 Jul 16 2025,90,117,15,0,0
19:33:05 Jul 16 2025,90,117,40,0,0
19:33:07 Jul 16 2025,90,117,27,0,0
19:33:09 Jul 16 2025,90,117,15,0,0
19:33:11 Jul 16 2025,90,117,28,0,0
19:33:13 Jul 16 2025,90,117,11,0,0
19:33:15 Jul 16 2025,92,117,11,0,0
19:33:17 Jul 16 2025,93,117,18,0,0
19:33:19 Jul 16 2025,93,117,23,0,0
19:33:21 Jul 16 2025,94,117,30,0,0
19:33:23 Jul 16 2025,94,117,25,0,0
19:33:25 Jul 16 2025,94,117,23,0,0
19:33:27 Jul 16 2025,93,116,32,0,0
19:33:29 Jul 16 2025,93,116,38,0,0
19:33:31 Jul 16 2025,93,117,27,0,0
19:33:33 Jul 16 2025,93,117,13,0,0
19:33:35 Jul 16 2025,93,116,22,0,0
19:33:37 Jul 16 2025,93,115,21,0,0
19:33:39 Jul 16 2025,93,116,18,0,0
19:33:41 Jul 16 2025,93,116,22,0,0
19:33:43 Jul 16 2025,93,115,23,0,0
19:33:45 Jul 16 2025,93,116,12,0,0
19:33:47 Jul 16 2025,93,117,15,0,0
19:33:49 Jul 16 2025,93,117,27,0,0
19:33:51 Jul 16 2025,93,117,28,0,0
19:33:53 Jul 16 2025,93,117,23,0,0
19:33:55 Jul 16 2025,94,116,33,0,0
19:33:57 Jul 16 2025,95,116,27,0,0
19:33:59 Jul 16 2025,95,116,25,0,0
19:34:01 Jul 16 2025,96,116,29,0,0
19:34:03 Jul 16 2025,96,116,36,0,0
19:34:05 Jul 16 2025,96,116,24,0,0
19:34:07 Jul 16 2025,96,116,29,0,0
19:34:09 Jul 16 2025,96,116,25,0,0
19:34:11 Jul 16 2025,96,116,54,0,0
19:34:13 Jul 16 2025,97,116,33,0,0
19:34:15 Jul 16 2025,97,116,23,0,0
19:34:17 Jul 16 2025,97,116,29,0,0
19:34:19 Jul 16 2025,97,116,31,0,0
19:34:21 Jul 16 2025,97,117,30,0,0
19:34:23 Jul 16 2025,97,118,29,0,0
19:34:25 Jul 16 2025,97,116,25,0,0
19:34:27 Jul 16 2025,97,117,18,0,0
19:34:29 Jul 16 2025,97,118,33,0,0
19:34:31 Jul 16 2025,97,117,22,0,0
19:34:33 Jul 16 2025,97,117,29,0,0
19:34:35 Jul 16 2025,97,117,33,0,0
19:34:37 Jul 16 2025,97,117,32,0,0
19:34:39 Jul 16 2025,97,117,37,0,0
19:34:41 Jul 16 2025,98,116,38,0,0
19:34:43 Jul 16 2025,98,116,29,0,0
19:34:45 Jul 16 2025,98,116,39,0,0
19:34:47 Jul 16 2025,98,117,37,0,0
19:34:49 Jul 16 2025,98,116,30,0,0
19:34:51 Jul 16 2025,98,117,28,0,0
19:34:53 Jul 16 2025,98,118,35,0,0
19:34:55 Jul 16 2025,98,119,22,0,0
19:34:57 Jul 16 2025,97,119,30,0,0
19:34:59 Jul 16 2025,97,119,37,0,0
19:35:01 Jul 16 2025,97,118,27,0,0
19:35:03 Jul 16 2025,97,117,30,0,0
19:35:05 Jul 16 2025,97,117,38,0,0
19:35:07 Jul 16 2025,97,117,53,0,0
19:35:09 Jul 16 2025,97,117,27,0,0
19:35:11 Jul 16 2025,97,118,25,0,0
19:35:13 Jul 16 2025,97,117,25,0,0
19:35:15 Jul 16 2025,97,118,29,0,0
19:35:17 Jul 16 2025,97,118,25,0,0
19:35:19 Jul 16 2025,97,117,24,0,0
19:35:21 Jul 16 2025,97,117,29,0,0
19:35:23 Jul 16 2025,97,117,21,0,0
19:35:25 Jul 16 2025,97,117,20,0,0
19:35:27 Jul 16 2025,97,118,28,0,0
19:35:29 Jul 16 2025,97,117,47,0,0
19:35:31 Jul 16 2025,98,118,30,0,0
19:35:33 Jul 16 2025,98,118,41,0,0
19:35:35 Jul 16 2025,98,119,24,0,0
19:35:37 Jul 16 2025,98,119,35,0,0
19:35:39 Jul 16 2025,98,119,45,0,0
19:35:41 Jul 16 2025,97,119,32,0,0
19:35:43 Jul 16 2025,97,119,26,0,0
19:35:45 Jul 16 2025,97,119,36,0,0
19:35:47 Jul 16 2025,97,119,31,0,0
19:35:49 Jul 16 2025,97,119,35,0,0
19:35:51 Jul 16 2025,97,119,28,0,0
19:35:53 Jul 16 2025,97,119,33,0,0
19:35:55 Jul 16 2025,97,118,31,0,0
19:35:57 Jul 16 2025,98,118,31,0,0
19:35:59 Jul 16 2025,98,118,29,0,0
19:36:01 Jul 16 2025,98,118,25,0,0
19:36:03 Jul 16 2025,98,117,31,0,0
19:36:05 Jul 16 2025,98,118,29,0,0
19:36:07 Jul 16 2025,98,118,35,0,0
19:36:09 Jul 16 2025,98,117,28,0,0
19:36:11 Jul 16 2025,98,118,40,0,0
19:36:13 Jul 16 2025,98,117,27,0,0
19:36:15 Jul 16 2025,98,117,27,0,0
19:36:17 Jul 16 2025,98,117,33,0,0
19:36:19 Jul 16 2025,98,117,40,0,0
19:36:21 Jul 16 2025,98,116,26,0,0
19:36:23 Jul 16 2025,98,114,33,0,0
19:36:25 Jul 16 2025,98,114,25,0,0
19:36:27 Jul 16 2025,98,115,30,0,0
19:36:29 Jul 16 2025,98,116,33,0,0
19:36:31 Jul 16 2025,98,118,31,0,0
19:36:33 Jul 16 2025,98,119,24,0,0
19:36:35 Jul 16 2025,98,119,25,0,0
19:36:37 Jul 16 2025,98,118,37,0,0
19:36:39 Jul 16 2025,98,117,26,0,0
19:36:41 Jul 16 2025,98,117,17,0,0
19:36:43 Jul 16 2025,98,117,22,0,0
19:36:45 Jul 16 2025,98,117,22,0,0
19:36:47 Jul 16 2025,98,117,28,0,0
19:36:49 Jul 16 2025,98,117,8,0,0
19:36:51 Jul 16 2025,98,118,24,0,0
19:36:53 Jul 16 2025,97,117,24,0,0
19:36:55 Jul 16 2025,97,118,28,0,0
19:36:57 Jul 16 2025,98,116,24,0,0
19:36:59 Jul 16 2025,98,116,30,0,0
19:37:01 Jul 16 2025,98,116,25,0,0
19:37:03 Jul 16 2025,98,116,32,0,0
19:37:05 Jul 16 2025,98,115,25,0,0
19:37:07 Jul 16 2025,98,117,24,0,0
19:37:09 Jul 16 2025,98,117,31,0,0
19:37:11 Jul 16 2025,98,117,30,0,0
19:37:13 Jul 16 2025,97,118,27,0,0
19:37:15 Jul 16 2025,97,118,43,0,0
19:37:17 Jul 16 2025,97,118,39,0,0
19:37:19 Jul 16 2025,98,118,38,0,0
19:37:21 Jul 16 2025,98,118,42,0,0
19:37:23 Jul 16 2025,98,118,23,0,0
19:37:25 Jul 16 2025,98,119,27,0,0
19:37:27 Jul 16 2025,98,119,24,0,0
19:37:29 Jul 16 2025,98,120,21,0,0
19:37:31 Jul 16 2025,98,121,23,0,0
19:37:33 Jul 16 2025,98,121,40,0,0
19:37:35 Jul 16 2025,98,120,27,0,0
19:37:37 Jul 16 2025,98,120,25,0,0
19:37:39 Jul 16 2025,98,120,29,0,0
19:37:41 Jul 16 2025,98,120,23,0,0
19:37:43 Jul 16 2025,98,119,45,0,0
19:37:45 Jul 16 2025,98,120,35,0,0
19:37:47 Jul 16 2025,98,118,42,0,0
19:37:49 Jul 16 2025,98,118,34,0,0
19:37:51 Jul 16 2025,98,117,38,0,0
19:37:53 Jul 16 2025,98,117,43,0,0
19:37:55 Jul 16 2025,98,119,23,0,0
19:37:57 Jul 16 2025,98,120,28,0,0
19:37:59 Jul 16 2025,98,119,28,0,0
19:38:01 Jul 16 2025,98,116,41,0,0
19:38:03 Jul 16 2025,98,117,52,0,0
19:38:05 Jul 16 2025,98,117,30,0,0
19:38:07 Jul 16 2025,98,117,43,0,0
19:38:09 Jul 16 2025,98,122,38,0,0
19:38:11 Jul 16 2025,98,125,51,0,0
19:38:13 Jul 16 2025,98,125,38,0,0
19:38:15 Jul 16 2025,98,125,39,0,0
19:38:17 Jul 16 2025,98,124,40,0,0
19:38:19 Jul 16 2025,98,123,40,0,0
19:38:21 Jul 16 2025,98,122,38,0,0
19:38:23 Jul 16 2025,98,121,30,0,0
19:38:25 Jul 16 2025,98,121,30,0,0
19:38:27 Jul 16 2025,98,120,36,0,0
19:38:29 Jul 16 2025,98,121,45,0,0
19:38:31 Jul 16 2025,98,122,41,0,0
19:38:33 Jul 16 2025,98,122,35,0,0
19:38:35 Jul 16 2025,99,122,40,0,0
19:38:37 Jul 16 2025,99,123,41,0,0
19:38:39 Jul 16 2025,99,123,34,0,0
19:38:41 Jul 16 2025,99,123,36,0,0
19:38:43 Jul 16 2025,99,123,32,0,0
19:38:45 Jul 16 2025,99,122,45,0,0
19:38:47 Jul 16 2025,99,122,31,0,0
19:38:49 Jul 16 2025,99,122,26,0,0
19:38:51 Jul 16 2025,99,121,38,0,0
19:38:53 Jul 16 2025,99,122,20,0,0
19:38:55 Jul 16 2025,99,121,29,0,0
19:38:57 Jul 16 2025,99,122,20,0,0
19:38:59 Jul 16 2025,99,122,24,0,0
19:39:01 Jul 16 2025,99,122,13,0,0
19:39:03 Jul 16 2025,99,121,23,0,0
19:39:05 Jul 16 2025,99,121,18,0,0
19:39:07 Jul 16 2025,99,120,24,0,0
19:39:09 Jul 16 2025,99,119,18,0,0
19:39:11 Jul 16 2025,99,120,22,0,0
19:39:13 Jul 16 2025,98,119,16,0,0
19:39:15 Jul 16 2025,98,118,21,0,0
19:39:17 Jul 16 2025,97,118,21,0,0
19:39:19 Jul 16 2025,97,117,18,0,0
19:39:21 Jul 16 2025,97,116,23,0,0
19:39:23 Jul 16 2025,97,116,19,0,0
19:39:25 Jul 16 2025,97,116,22,0,0
19:39:27 Jul 16 2025,97,116,20,0,0
19:39:29 Jul 16 2025,97,116,29,0,0
19:39:31 Jul 16 2025,97,116,16,0,0
19:39:33 Jul 16 2025,97,116,22,0,0
19:39:35 Jul 16 2025,97,116,18,0,0
19:39:37 Jul 16 2025,97,116,19,0,0
19:39:39 Jul 16 2025,97,116,23,0,0
19:39:41 Jul 16 2025,97,116,27,0,0
19:39:43 Jul 16 2025,97,116,28,0,0
19:39:45 Jul 16 2025,98,117,20,0,0
19:39:47 Jul 16 2025,98,117,25,0,0
19:39:49 Jul 16 2025,98,117,19,0,0
19:39:51 Jul 16 2025,97,117,30,0,0
19:39:53 Jul 16 2025,98,118,23,0,0
19:39:55 Jul 16 2025,97,118,24,0,0
19:39:57 Jul 16 2025,97,118,26,0,0
19:39:59 Jul 16 2025,97,118,21,0,0
19:40:01 Jul 16 2025,97,118,25,0,0
19:40:03 Jul 16 2025,97,119,23,0,0
19:40:05 Jul 16 2025,97,119,34,0,0
19:40:07 Jul 16 2025,97,119,27,0,0
19:40:09 Jul 16 2025,97,117,37,0,0
19:40:11 Jul 16 2025,97,117,31,0,0
19:40:13 Jul 16 2025,97,116,37,0,0
19:40:15 Jul 16 2025,97,116,34,0,0
19:40:17 Jul 16 2025,97,117,28,0,0
19:40:19 Jul 16 2025,98,118,40,0,0
19:40:21 Jul 16 2025,98,119,31,0,0
19:40:23 Jul 16 2025,99,120,35,0,0
19:40:25 Jul 16 2025,99,121,40,0,0
19:40:27 Jul 16 2025,99,121,44,0,0
19:40:29 Jul 16 2025,99,121,38,0,0
19:40:31 Jul 16 2025,98,122,43,0,0
19:40:33 Jul 16 2025,98,121,25,0,0
19:40:35 Jul 16 2025,98,120,45,0,0
19:40:37 Jul 16 2025,97,120,38,0,0
19:40:39 Jul 16 2025,97,120,35,0,0
19:40:41 Jul 16 2025,97,120,35,0,0
19:40:43 Jul 16 2025,97,120,38,0,0
19:40:45 Jul 16 2025,97,120,29,0,0
19:40:47 Jul 16 2025,97,119,33,0,0
19:40:49 Jul 16 2025,97,120,29,0,0
19:40:51 Jul 16 2025,97,120,35,0,0
19:40:53 Jul 16 2025,97,119,42,0,0
19:40:55 Jul 16 2025,97,120,27,0,0
19:40:57 Jul 16 2025,97,119,33,0,0
19:40:59 Jul 16 2025,96,119,33,0,0
19:41:01 Jul 16 2025,94,119,33,0,0
19:41:03 Jul 16 2025,91,119,27,0,0
19:41:05 Jul 16 2025,89,120,31,1,0
19:41:07 Jul 16 2025,89,120,27,0,0
19:41:09 Jul 16 2025,90,119,33,0,0
19:41:11 Jul 16 2025,92,119,22,0,0
19:41:13 Jul 16 2025,93,119,41,0,0
19:41:15 Jul 16 2025,93,119,33,0,0
19:41:17 Jul 16 2025,94,119,31,0,0
19:41:19 Jul 16 2025,95,119,23,0,0
19:41:21 Jul 16 2025,95,119,33,0,0
19:41:23 Jul 16 2025,96,119,29,0,0
19:41:25 Jul 16 2025,96,119,25,0,0
19:41:27 Jul 16 2025,97,119,33,0,0
19:41:29 Jul 16 2025,97,118,38,0,0
19:41:31 Jul 16 2025,97,118,33,0,0
19:41:33 Jul 16 2025,97,118,25,0,0
19:41:35 Jul 16 2025,97,118,27,0,0
19:41:37 Jul 16 2025,97,118,30,0,0
19:41:39 Jul 16 2025,97,119,40,0,0
19:41:41 Jul 16 2025,97,119,35,0,0
19:41:43 Jul 16 2025,97,119,28,0,0
19:41:45 Jul 16 2025,97,120,32,0,0
19:41:47 Jul 16 2025,97,119,29,0,0
19:41:49 Jul 16 2025,97,118,25,0,0
19:41:51 Jul 16 2025,97,118,22,0,0
19:41:53 Jul 16 2025,98,119,32,0,0
19:41:55 Jul 16 2025,98,119,31,0,0
19:41:57 Jul 16 2025,97,118,47,0,0
19:41:59 Jul 16 2025,97,119,33,0,0
19:42:01 Jul 16 2025,97,119,32,0,0
19:42:03 Jul 16 2025,97,118,40,0,0
19:42:05 Jul 16 2025,97,118,29,0,0
19:42:07 Jul 16 2025,98,119,43,0,0
19:42:09 Jul 16 2025,98,118,35,0,0
19:42:11 Jul 16 2025,98,119,33,0,0
19:42:13 Jul 16 2025,98,120,37,0,0
19:42:15 Jul 16 2025,98,120,35,0,0
19:42:17 Jul 16 2025,98,119,26,0,0
19:42:19 Jul 16 2025,98,119,24,0,0
19:42:21 Jul 16 2025,98,118,32,0,0
19:42:23 Jul 16 2025,98,118,38,0,0
19:42:25 Jul 16 2025,98,118,33,0,0
19:42:27 Jul 16 2025,98,118,36,0,0
19:42:29 Jul 16 2025,98,119,26,0,0
19:42:31 Jul 16 2025,98,119,30,0,0
19:42:33 Jul 16 2025,98,120,49,0,0
19:42:35 Jul 16 2025,98,119,23,0,0
19:42:37 Jul 16 2025,98,119,30,0,0
19:42:39 Jul 16 2025,98,118,22,0,0
19:42:41 Jul 16 2025,98,118,42,0,0
19:42:43 Jul 16 2025,98,117,38,0,0
19:42:45 Jul 16 2025,98,116,31,0,0
19:42:47 Jul 16 2025,98,116,38,0,0
19:42:49 Jul 16 2025,98,117,33,0,0
19:42:51 Jul 16 2025,98,119,22,0,0
19:42:53 Jul 16 2025,98,119,31,0,0
19:42:55 Jul 16 2025,98,120,54,0,0
19:42:57 Jul 16 2025,98,120,38,0,0
19:42:59 Jul 16 2025,98,120,24,0,0
19:43:01 Jul 16 2025,98,120,40,0,0
19:43:03 Jul 16 2025,98,119,33,0,0
19:43:05 Jul 16 2025,98,119,39,0,0
19:43:07 Jul 16 2025,98,120,40,0,0
19:43:09 Jul 16 2025,98,121,26,0,0
19:43:11 Jul 16 2025,99,121,27,0,0
19:43:13 Jul 16 2025,99,121,33,0,0
19:43:15 Jul 16 2025,99,121,34,0,0
19:43:17 Jul 16 2025,99,121,29,0,0
19:43:19 Jul 16 2025,99,117,28,0,0
19:43:21 Jul 16 2025,99,115,29,0,0
19:43:23 Jul 16 2025,99,114,33,0,0
19:43:25 Jul 16 2025,98,116,26,0,0
19:43:27 Jul 16 2025,99,115,33,0,0
19:43:29 Jul 16 2025,99,116,23,0,0
19:43:31 Jul 16 2025,99,118,31,0,0
19:43:33 Jul 16 2025,99,118,22,0,0
19:43:35 Jul 16 2025,98,120,20,0,0
19:43:37 Jul 16 2025,98,119,23,0,0
19:43:39 Jul 16 2025,98,120,18,0,0
19:43:41 Jul 16 2025,97,119,29,0,0
19:43:43 Jul 16 2025,97,118,24,0,0
19:43:45 Jul 16 2025,97,118,23,0,0
19:43:47 Jul 16 2025,97,118,30,0,0
19:43:49 Jul 16 2025,97,118,32,0,0
19:43:51 Jul 16 2025,97,118,27,0,0
19:43:53 Jul 16 2025,97,119,36,0,0
19:43:55 Jul 16 2025,97,119,26,0,0
19:43:57 Jul 16 2025,97,119,28,0,0
19:43:59 Jul 16 2025,98,119,29,0,0
19:44:01 Jul 16 2025,98,119,34,0,0
19:44:03 Jul 16 2025,98,119,36,0,0
19:44:05 Jul 16 2025,98,119,26,0,0
19:44:07 Jul 16 2025,98,119,31,0,0
19:44:09 Jul 16 2025,98,118,36,0,0
19:44:11 Jul 16 2025,98,118,40,0,0
19:44:13 Jul 16 2025,98,119,48,0,0
19:44:15 Jul 16 2025,98,119,35,0,0
19:44:17 Jul 16 2025,98,118,38,0,0
19:44:19 Jul 16 2025,98,119,34,0,0
19:44:21 Jul 16 2025,98,119,28,0,0
19:44:23 Jul 16 2025,98,120,23,0,0
19:44:25 Jul 16 2025,98,120,28,0,0
19:44:27 Jul 16 2025,98,120,30,0,0
19:44:29 Jul 16 2025,98,121,30,0,0
19:44:31 Jul 16 2025,98,121,36,0,0
19:44:33 Jul 16 2025,98,121,29,0,0
19:44:35 Jul 16 2025,98,120,28,0,0
19:44:37 Jul 16 2025,98,120,22,0,0
19:44:39 Jul 16 2025,99,121,25,0,0
19:44:41 Jul 16 2025,99,121,25,0,0
19:44:43 Jul 16 2025,98,121,37,0,0
19:44:45 Jul 16 2025,98,121,25,0,0
19:44:47 Jul 16 2025,98,120,26,0,0
19:44:49 Jul 16 2025,98,120,30,0,0
19:44:51 Jul 16 2025,98,120,29,0,0
19:44:53 Jul 16 2025,98,120,24,0,0
19:44:55 Jul 16 2025,98,120,29,0,0
19:44:57 Jul 16 2025,98,121,25,0,0
19:44:59 Jul 16 2025,98,121,19,0,0
19:45:01 Jul 16 2025,98,121,26,0,0
19:45:03 Jul 16 2025,98,122,35,0,0
19:45:05 Jul 16 2025,98,122,31,0,0
19:45:07 Jul 16 2025,98,123,30,0,0
19:45:09 Jul 16 2025,98,123,45,0,0
19:45:11 Jul 16 2025,98,122,27,0,0
19:45:13 Jul 16 2025,98,122,23,0,0
19:45:15 Jul 16 2025,98,122,29,0,0
19:45:17 Jul 16 2025,98,121,46,0,0
19:45:19 Jul 16 2025,98,120,41,0,0
19:45:21 Jul 16 2025,98,122,38,0,0
19:45:23 Jul 16 2025,98,122,35,0,0
19:45:25 Jul 16 2025,98,122,28,0,0
19:45:27 Jul 16 2025,98,122,25,0,0
19:45:29 Jul 16 2025,98,121,25,0,0
19:45:31 Jul 16 2025,98,121,19,0,0
19:45:33 Jul 16 2025,98,121,25,0,0
19:45:35 Jul 16 2025,98,119,37,0,0
19:45:37 Jul 16 2025,98,120,17,0,0
19:45:39 Jul 16 2025,98,119,27,0,0
19:45:41 Jul 16 2025,98,120,22,0,0
19:45:43 Jul 16 2025,96,119,20,0,0
19:45:45 Jul 16 2025,95,119,21,0,0
19:45:47 Jul 16 2025,94,120,19,0,0
19:45:49 Jul 16 2025,92,120,25,0,0
19:45:51 Jul 16 2025,92,120,33,0,0
19:45:53 Jul 16 2025,93,120,33,0,0
19:45:55 Jul 16 2025,94,119,33,0,0
19:45:57 Jul 16 2025,95,118,44,0,0
19:45:59 Jul 16 2025,96,118,30,0,0
19:46:01 Jul 16 2025,97,118,30,0,0
19:46:03 Jul 16 2025,97,118,29,0,0
19:46:05 Jul 16 2025,97,119,32,0,0
19:46:07 Jul 16 2025,97,120,26,0,0
19:46:09 Jul 16 2025,96,120,37,0,0
19:46:11 Jul 16 2025,95,120,32,0,0
19:46:13 Jul 16 2025,94,120,32,0,0
19:46:15 Jul 16 2025,94,120,34,0,0
19:46:17 Jul 16 2025,93,119,37,0,0
19:46:19 Jul 16 2025,93,119,38,0,0
19:46:21 Jul 16 2025,93,118,32,0,0
19:46:23 Jul 16 2025,94,119,33,0,0
19:46:25 Jul 16 2025,96,119,36,0,0
19:46:27 Jul 16 2025,97,118,34,0,0
19:46:29 Jul 16 2025,97,118,36,0,0
19:46:31 Jul 16 2025,97,118,34,0,0
19:46:33 Jul 16 2025,97,118,28,0,0
19:46:35 Jul 16 2025,97,117,32,0,0
19:46:37 Jul 16 2025,97,118,28,0,0
19:46:39 Jul 16 2025,97,117,31,0,0
19:46:41 Jul 16 2025,97,117,26,0,0
19:46:43 Jul 16 2025,98,117,35,0,0
19:46:45 Jul 16 2025,98,117,35,0,0
19:46:47 Jul 16 2025,98,117,42,0,0
19:46:49 Jul 16 2025,98,118,46,0,0
19:46:51 Jul 16 2025,98,118,30,0,0
19:46:53 Jul 16 2025,98,118,26,0,0
19:46:55 Jul 16 2025,98,118,31,0,0
19:46:57 Jul 16 2025,98,118,42,0,0
19:46:59 Jul 16 2025,98,118,26,0,0
19:47:01 Jul 16 2025,98,118,39,0,0
19:47:03 Jul 16 2025,98,118,30,0,0
19:47:05 Jul 16 2025,98,118,27,0,0
19:47:07 Jul 16 2025,98,118,26,0,0
19:47:09 Jul 16 2025,98,118,41,0,0
19:47:11 Jul 16 2025,99,118,25,0,0
19:47:13 Jul 16 2025,98,117,65,0,0
19:47:15 Jul 16 2025,98,118,31,0,0
19:47:17 Jul 16 2025,98,118,38,0,0
19:47:19 Jul 16 2025,98,118,33,0,0
19:47:21 Jul 16 2025,98,119,28,0,0
19:47:23 Jul 16 2025,98,118,37,0,0
19:47:25 Jul 16 2025,97,119,39,0,0
19:47:27 Jul 16 2025,97,119,45,0,0
19:47:29 Jul 16 2025,98,119,34,0,0
19:47:31 Jul 16 2025,98,119,69,0,0
19:47:33 Jul 16 2025,98,120,39,0,0
19:47:35 Jul 16 2025,98,120,38,0,0
19:47:37 Jul 16 2025,98,119,44,0,0
19:47:39 Jul 16 2025,98,120,40,0,0
19:47:41 Jul 16 2025,98,119,52,0,0
19:47:43 Jul 16 2025,98,119,36,0,0
19:47:45 Jul 16 2025,98,120,36,0,0
19:47:47 Jul 16 2025,99,121,48,0,0
19:47:49 Jul 16 2025,99,122,35,0,0
19:47:51 Jul 16 2025,99,122,40,0,0
19:47:53 Jul 16 2025,99,122,34,0,0
19:47:55 Jul 16 2025,98,121,24,0,0
19:47:57 Jul 16 2025,99,122,23,0,0
19:47:59 Jul 16 2025,99,121,27,0,0
19:48:01 Jul 16 2025,98,121,22,0,0
19:48:03 Jul 16 2025,98,120,30,0,0
19:48:05 Jul 16 2025,98,120,23,0,0
19:48:07 Jul 16 2025,98,119,39,0,0
19:48:09 Jul 16 2025,98,119,39,0,0
19:48:11 Jul 16 2025,98,118,21,0,0
19:48:13 Jul 16 2025,97,117,24,0,0
19:48:15 Jul 16 2025,97,118,20,0,0
19:48:17 Jul 16 2025,97,118,28,0,0
19:48:19 Jul 16 2025,97,117,18,0,0
19:48:21 Jul 16 2025,97,117,14,0,0
19:48:23 Jul 16 2025,97,117,13,0,0
19:48:25 Jul 16 2025,97,116,20,0,0
19:48:27 Jul 16 2025,97,115,15,0,0
19:48:29 Jul 16 2025,97,115,20,0,0
19:48:31 Jul 16 2025,97,115,23,0,0
19:48:33 Jul 16 2025,97,115,25,0,0
19:48:35 Jul 16 2025,97,115,29,0,0
19:48:37 Jul 16 2025,97,116,25,0,0
19:48:39 Jul 16 2025,97,116,25,0,0
19:48:41 Jul 16 2025,97,117,25,0,0
19:48:43 Jul 16 2025,97,117,24,0,0
19:48:45 Jul 16 2025,97,117,25,0,0
19:48:47 Jul 16 2025,97,116,25,0,0
19:48:49 Jul 16 2025,97,115,27,0,0
19:48:51 Jul 16 2025,97,114,29,0,0
19:48:53 Jul 16 2025,97,114,43,0,0
19:48:55 Jul 16 2025,97,114,31,0,0
19:48:57 Jul 16 2025,97,114,19,0,0
19:48:59 Jul 16 2025,97,112,23,0,0
19:49:01 Jul 16 2025,97,111,25,0,0
19:49:03 Jul 16 2025,97,111,29,0,0
19:49:05 Jul 16 2025,97,112,33,0,0
19:49:07 Jul 16 2025,97,112,30,0,0
19:49:09 Jul 16 2025,97,115,21,0,0
19:49:11 Jul 16 2025,97,116,20,0,0
19:49:13 Jul 16 2025,97,116,31,0,0
19:49:15 Jul 16 2025,97,116,24,0,0
19:49:17 Jul 16 2025,96,116,16,0,0
19:49:19 Jul 16 2025,96,116,24,0,0
19:49:21 Jul 16 2025,97,116,25,0,0
19:49:23 Jul 16 2025,97,117,23,0,0
19:49:25 Jul 16 2025,97,117,23,0,0
19:49:27 Jul 16 2025,97,117,24,0,0
19:49:29 Jul 16 2025,97,117,33,0,0
19:49:31 Jul 16 2025,97,117,25,0,0
19:49:33 Jul 16 2025,97,116,28,0,0
19:49:35 Jul 16 2025,97,116,25,0,0
19:49:37 Jul 16 2025,97,117,24,0,0
19:49:39 Jul 16 2025,97,116,21,0,0
19:49:41 Jul 16 2025,97,117,31,0,0
19:49:43 Jul 16 2025,97,117,27,0,0
19:49:45 Jul 16 2025,97,118,25,0,0
19:49:47 Jul 16 2025,98,119,30,0,0
19:49:49 Jul 16 2025,98,120,29,0,0
19:49:51 Jul 16 2025,98,121,33,0,0
19:49:53 Jul 16 2025,98,120,35,0,0
19:49:55 Jul 16 2025,98,120,39,0,0
19:49:57 Jul 16 2025,98,120,18,0,0
19:49:59 Jul 16 2025,98,119,28,0,0
19:50:01 Jul 16 2025,98,119,35,0,0
19:50:03 Jul 16 2025,98,119,38,0,0
19:50:05 Jul 16 2025,98,119,28,0,0
19:50:07 Jul 16 2025,97,119,31,0,0
19:50:09 Jul 16 2025,97,118,32,0,0
19:50:11 Jul 16 2025,97,118,30,0,0
19:50:13 Jul 16 2025,97,118,31,0,0
19:50:15 Jul 16 2025,97,118,37,0,0
19:50:17 Jul 16 2025,97,118,32,0,0
19:50:19 Jul 16 2025,97,120,29,0,0
19:50:21 Jul 16 2025,97,121,25,0,0
19:50:23 Jul 16 2025,97,121,25,0,0
19:50:25 Jul 16 2025,97,121,35,0,0
19:50:27 Jul 16 2025,97,122,33,0,0
19:50:29 Jul 16 2025,97,121,40,0,0
19:50:31 Jul 16 2025,97,121,31,0,0
19:50:33 Jul 16 2025,98,122,33,0,0
19:50:35 Jul 16 2025,98,121,34,0,0
19:50:37 Jul 16 2025,97,121,31,0,0
19:50:39 Jul 16 2025,97,121,24,0,0
19:50:41 Jul 16 2025,97,121,31,0,0
19:50:43 Jul 16 2025,97,120,40,0,0
19:50:45 Jul 16 2025,97,119,46,0,0
19:50:47 Jul 16 2025,97,120,31,0,0
19:50:49 Jul 16 2025,98,120,27,0,0
19:50:51 Jul 16 2025,98,119,35,0,0
19:50:53 Jul 16 2025,98,119,31,0,0
19:50:55 Jul 16 2025,98,120,24,0,0
19:50:57 Jul 16 2025,98,120,31,0,0
19:50:59 Jul 16 2025,98,120,41,0,0
19:51:01 Jul 16 2025,98,120,33,0,0
19:51:03 Jul 16 2025,98,119,34,0,0
19:51:05 Jul 16 2025,98,120,36,0,0
19:51:07 Jul 16 2025,98,120,27,0,0
19:51:09 Jul 16 2025,98,120,27,0,0
19:51:11 Jul 16 2025,98,120,29,0,0
19:51:13 Jul 16 2025,98,122,25,0,0
19:51:15 Jul 16 2025,98,121,40,0,0
19:51:17 Jul 16 2025,98,121,37,0,0
19:51:19 Jul 16 2025,98,120,31,0,0
19:51:21 Jul 16 2025,98,120,31,0,0
19:51:23 Jul 16 2025,99,120,26,0,0
19:51:25 Jul 16 2025,99,120,27,0,0
19:51:27 Jul 16 2025,99,121,27,0,0
19:51:29 Jul 16 2025,98,120,38,0,0
19:51:31 Jul 16 2025,98,120,47,0,0
19:51:33 Jul 16 2025,98,120,26,0,0
19:51:35 Jul 16 2025,98,121,31,0,0
19:51:37 Jul 16 2025,98,119,33,0,0
19:51:39 Jul 16 2025,98,119,28,0,0
19:51:41 Jul 16 2025,98,120,38,0,0
19:51:43 Jul 16 2025,98,119,27,0,0
19:51:45 Jul 16 2025,98,120,22,0,0
19:51:47 Jul 16 2025,98,120,28,0,0
19:51:49 Jul 16 2025,98,120,18,0,0
19:51:51 Jul 16 2025,98,120,41,0,0
19:51:53 Jul 16 2025,98,120,36,0,0
19:51:55 Jul 16 2025,98,121,28,0,0
19:51:57 Jul 16 2025,98,121,35,0,0
19:51:59 Jul 16 2025,98,122,35,0,0
19:52:01 Jul 16 2025,98,122,32,0,0
19:52:03 Jul 16 2025,98,123,46,0,0
19:52:05 Jul 16 2025,98,122,40,0,0
19:52:07 Jul 16 2025,98,121,29,0,0
19:52:09 Jul 16 2025,98,121,45,0,0
19:52:11 Jul 16 2025,98,122,30,0,0
19:52:13 Jul 16 2025,97,121,26,0,0
19:52:15 Jul 16 2025,98,120,32,0,0
19:52:17 Jul 16 2025,98,121,35,0,0
19:52:19 Jul 16 2025,98,121,31,0,0
19:52:21 Jul 16 2025,98,121,51,0,0
19:52:23 Jul 16 2025,98,120,31,0,0
19:52:25 Jul 16 2025,98,120,22,0,0
19:52:27 Jul 16 2025,98,119,25,0,0
19:52:29 Jul 16 2025,97,119,37,0,0
19:52:31 Jul 16 2025,97,119,42,0,0
19:52:33 Jul 16 2025,97,119,28,0,0
19:52:35 Jul 16 2025,97,118,29,0,0
19:52:37 Jul 16 2025,97,118,30,0,0
19:52:39 Jul 16 2025,97,119,32,0,0
19:52:41 Jul 16 2025,97,119,39,0,0
19:52:43 Jul 16 2025,96,119,37,0,0
19:52:45 Jul 16 2025,97,120,36,0,0
19:52:47 Jul 16 2025,97,120,35,0,0
19:52:49 Jul 16 2025,97,120,27,0,0
19:52:51 Jul 16 2025,97,120,31,0,0
19:52:53 Jul 16 2025,97,120,30,0,0
19:52:55 Jul 16 2025,98,120,25,0,0
19:52:57 Jul 16 2025,98,120,24,0,0
19:52:59 Jul 16 2025,98,120,25,0,0
19:53:01 Jul 16 2025,97,120,31,0,0
19:53:03 Jul 16 2025,97,120,32,0,0
19:53:05 Jul 16 2025,97,120,21,0,0
19:53:07 Jul 16 2025,97,120,31,0,0
19:53:09 Jul 16 2025,98,119,27,0,0
19:53:11 Jul 16 2025,98,118,33,0,0
19:53:13 Jul 16 2025,98,118,30,0,0
19:53:15 Jul 16 2025,97,118,23,0,0
19:53:17 Jul 16 2025,97,119,32,0,0
19:53:19 Jul 16 2025,97,118,29,0,0
19:53:21 Jul 16 2025,97,118,38,0,0
19:53:23 Jul 16 2025,97,119,33,0,0
19:53:25 Jul 16 2025,98,120,39,0,0
19:53:27 Jul 16 2025,98,119,43,0,0
19:53:29 Jul 16 2025,98,119,38,0,0
19:53:31 Jul 16 2025,98,120,37,0,0
19:53:33 Jul 16 2025,98,120,27,0,0
19:53:35 Jul 16 2025,98,119,25,0,0
19:53:37 Jul 16 2025,98,119,26,0,0
19:53:39 Jul 16 2025,98,119,28,0,0
19:53:41 Jul 16 2025,98,119,45,0,0
19:53:43 Jul 16 2025,98,119,48,0,0
19:53:45 Jul 16 2025,98,119,30,0,0
19:53:47 Jul 16 2025,98,119,19,0,0
19:53:49 Jul 16 2025,98,118,29,0,0
19:53:51 Jul 16 2025,98,116,32,0,0
19:53:53 Jul 16 2025,98,115,33,0,0
19:53:55 Jul 16 2025,98,114,31,0,0
19:53:57 Jul 16 2025,98,115,35,0,0
19:53:59 Jul 16 2025,98,117,27,0,0
19:54:01 Jul 16 2025,98,117,30,0,0
19:54:03 Jul 16 2025,98,117,48,0,0
19:54:05 Jul 16 2025,98,119,27,0,0
19:54:07 Jul 16 2025,98,119,68,0,0
19:54:09 Jul 16 2025,98,118,64,0,0
19:54:11 Jul 16 2025,98,118,23,0,0
19:54:13 Jul 16 2025,99,118,20,0,0
19:54:15 Jul 16 2025,99,119,27,0,0
19:54:17 Jul 16 2025,99,117,27,0,0
19:54:19 Jul 16 2025,98,117,23,0,0
19:54:21 Jul 16 2025,98,117,40,0,0
19:54:23 Jul 16 2025,98,117,36,0,0
19:54:25 Jul 16 2025,98,117,33,0,0
19:54:27 Jul 16 2025,98,118,28,0,0
19:54:29 Jul 16 2025,98,119,30,0,0
19:54:31 Jul 16 2025,98,120,26,0,0
19:54:33 Jul 16 2025,98,119,25,0,0
19:54:35 Jul 16 2025,98,119,34,0,0
19:54:37 Jul 16 2025,98,120,34,0,0
19:54:39 Jul 16 2025,98,120,25,0,0
19:54:41 Jul 16 2025,98,120,36,0,0
19:54:43 Jul 16 2025,99,120,29,0,0
19:54:45 Jul 16 2025,99,121,32,0,0
19:54:47 Jul 16 2025,99,121,43,0,0
19:54:49 Jul 16 2025,99,121,29,0,0
19:54:51 Jul 16 2025,99,119,29,0,0
19:54:53 Jul 16 2025,99,118,29,0,0
19:54:55 Jul 16 2025,99,118,37,0,0
19:54:57 Jul 16 2025,99,118,37,0,0
19:54:59 Jul 16 2025,98,119,27,0,0
19:55:01 Jul 16 2025,97,119,22,0,0
19:55:03 Jul 16 2025,97,119,26,0,0
19:55:05 Jul 16 2025,97,120,26,0,0
19:55:07 Jul 16 2025,97,120,24,0,0
19:55:09 Jul 16 2025,97,120,30,0,0
19:55:11 Jul 16 2025,97,120,32,0,0
19:55:13 Jul 16 2025,97,120,34,0,0
19:55:15 Jul 16 2025,97,121,32,0,0
19:55:17 Jul 16 2025,97,121,41,0,0
19:55:19 Jul 16 2025,97,120,42,0,0
19:55:21 Jul 16 2025,97,120,39,0,0
19:55:23 Jul 16 2025,97,120,31,0,0
19:55:25 Jul 16 2025,97,121,32,0,0
19:55:27 Jul 16 2025,97,120,22,0,0
19:55:29 Jul 16 2025,97,120,34,0,0
19:55:31 Jul 16 2025,97,120,26,0,0
19:55:33 Jul 16 2025,97,120,21,0,0
19:55:35 Jul 16 2025,97,120,35,0,0
19:55:37 Jul 16 2025,97,120,39,0,0
19:55:39 Jul 16 2025,97,120,24,0,0
19:55:41 Jul 16 2025,97,120,25,0,0
19:55:43 Jul 16 2025,97,119,42,0,0
19:55:45 Jul 16 2025,97,120,36,0,0
19:55:47 Jul 16 2025,97,120,31,0,0
19:55:49 Jul 16 2025,97,120,23,0,0
19:55:51 Jul 16 2025,97,121,42,0,0
19:55:53 Jul 16 2025,97,122,43,0,0
19:55:55 Jul 16 2025,97,122,41,0,0
19:55:57 Jul 16 2025,98,122,38,0,0
19:55:59 Jul 16 2025,98,121,37,0,0
19:56:01 Jul 16 2025,98,121,26,0,0
19:56:03 Jul 16 2025,98,120,39,0,0
19:56:05 Jul 16 2025,98,120,42,0,0
19:56:07 Jul 16 2025,98,121,36,0,0
19:56:09 Jul 16 2025,98,120,34,0,0
19:56:11 Jul 16 2025,98,121,38,0,0
19:56:13 Jul 16 2025,98,122,42,0,0
19:56:15 Jul 16 2025,97,121,40,0,0
19:56:17 Jul 16 2025,97,121,31,0,0
19:56:19 Jul 16 2025,97,120,29,0,0
19:56:21 Jul 16 2025,97,120,27,0,0
19:56:23 Jul 16 2025,96,120,29,0,0
19:56:25 Jul 16 2025,96,120,32,0,0
19:56:27 Jul 16 2025,96,120,25,0,0
19:56:29 Jul 16 2025,96,121,36,0,0
19:56:31 Jul 16 2025,96,122,39,0,0
19:56:33 Jul 16 2025,96,123,34,0,0
19:56:35 Jul 16 2025,96,123,34,0,0
19:56:37 Jul 16 2025,96,123,35,0,0
19:56:39 Jul 16 2025,96,122,37,0,0
19:56:41 Jul 16 2025,96,122,34,0,0
19:56:43 Jul 16 2025,97,121,44,0,0
19:56:45 Jul 16 2025,97,121,40,0,0
19:56:47 Jul 16 2025,97,121,40,0,0
19:56:49 Jul 16 2025,97,120,37,0,0
19:56:51 Jul 16 2025,97,120,46,0,0
19:56:53 Jul 16 2025,96,121,27,0,0
19:56:55 Jul 16 2025,96,120,34,0,0
19:56:57 Jul 16 2025,97,121,34,0,0
19:56:59 Jul 16 2025,97,121,35,0,0
19:57:01 Jul 16 2025,97,121,30,0,0
19:57:03 Jul 16 2025,97,120,42,0,0
19:57:05 Jul 16 2025,97,120,28,0,0
19:57:07 Jul 16 2025,97,121,29,0,0
19:57:09 Jul 16 2025,97,120,29,0,0
19:57:11 Jul 16 2025,97,121,33,0,0
19:57:13 Jul 16 2025,97,121,34,0,0
19:57:15 Jul 16 2025,97,121,35,0,0
19:57:17 Jul 16 2025,97,120,32,0,0
19:57:19 Jul 16 2025,98,121,31,0,0
19:57:21 Jul 16 2025,98,121,35,0,0
19:57:23 Jul 16 2025,98,121,35,0,0
19:57:25 Jul 16 2025,98,121,16,0,0
19:57:27 Jul 16 2025,98,121,25,0,0
19:57:29 Jul 16 2025,98,121,32,0,0
19:57:31 Jul 16 2025,98,121,35,0,0
19:57:33 Jul 16 2025,98,121,28,0,0
19:57:35 Jul 16 2025,98,121,40,0,0
19:57:37 Jul 16 2025,98,121,36,0,0
19:57:39 Jul 16 2025,98,121,33,0,0
19:57:41 Jul 16 2025,98,121,27,0,0
19:57:43 Jul 16 2025,98,122,35,0,0
19:57:45 Jul 16 2025,98,121,28,0,0
19:57:47 Jul 16 2025,98,121,46,0,0
19:57:49 Jul 16 2025,98,121,32,0,0
19:57:51 Jul 16 2025,98,120,34,0,0
19:57:53 Jul 16 2025,98,120,28,0,0
19:57:55 Jul 16 2025,98,120,34,0,0
19:57:57 Jul 16 2025,98,120,39,0,0
19:57:59 Jul 16 2025,98,120,20,0,0
19:58:01 Jul 16 2025,98,120,27,0,0
19:58:03 Jul 16 2025,98,121,27,0,0
19:58:05 Jul 16 2025,98,121,36,0,0
19:58:07 Jul 16 2025,98,121,28,0,0
19:58:09 Jul 16 2025,98,121,32,0,0
19:58:11 Jul 16 2025,98,121,30,0,0
19:58:13 Jul 16 2025,98,121,27,0,0
19:58:15 Jul 16 2025,98,121,35,0,0
19:58:17 Jul 16 2025,98,121,46,0,0
19:58:19 Jul 16 2025,98,121,54,0,0
19:58:21 Jul 16 2025,98,121,35,0,0
19:58:23 Jul 16 2025,98,121,44,0,0
19:58:25 Jul 16 2025,98,121,33,0,0
19:58:27 Jul 16 2025,98,121,32,0,0
19:58:29 Jul 16 2025,98,121,37,0,0
19:58:31 Jul 16 2025,98,121,36,0,0
19:58:33 Jul 16 2025,98,121,33,0,0
19:58:35 Jul 16 2025,98,121,29,0,0
19:58:37 Jul 16 2025,98,121,30,0,0
19:58:39 Jul 16 2025,98,121,24,0,0
19:58:41 Jul 16 2025,98,121,24,0,0
19:58:43 Jul 16 2025,97,121,24,0,0
19:58:45 Jul 16 2025,97,121,20,0,0
19:58:47 Jul 16 2025,97,121,24,0,0
19:58:49 Jul 16 2025,98,121,28,0,0
19:58:51 Jul 16 2025,97,121,42,0,0
19:58:53 Jul 16 2025,97,121,39,0,0
19:58:55 Jul 16 2025,97,120,29,0,0
19:58:57 Jul 16 2025,97,120,31,0,0
19:58:59 Jul 16 2025,96,120,43,0,0
19:59:01 Jul 16 2025,96,120,38,0,0
19:59:03 Jul 16 2025,97,121,27,0,0
19:59:05 Jul 16 2025,97,121,35,0,0
19:59:07 Jul 16 2025,98,121,39,0,0
19:59:09 Jul 16 2025,98,121,22,0,0
19:59:11 Jul 16 2025,98,120,35,0,0
19:59:13 Jul 16 2025,99,120,36,0,0
19:59:15 Jul 16 2025,99,119,38,0,0
19:59:17 Jul 16 2025,98,119,34,0,0
19:59:19 Jul 16 2025,98,118,30,0,0
19:59:21 Jul 16 2025,98,117,38,0,0
19:59:23 Jul 16 2025,98,116,41,0,0
19:59:25 Jul 16 2025,97,116,32,0,0
19:59:27 Jul 16 2025,97,116,28,0,0
19:59:29 Jul 16 2025,97,116,38,0,0
19:59:31 Jul 16 2025,97,118,37,0,0
19:59:33 Jul 16 2025,96,119,33,0,0
19:59:35 Jul 16 2025,96,120,26,0,0
19:59:37 Jul 16 2025,97,120,27,0,0
19:59:39 Jul 16 2025,97,120,27,0,0
19:59:41 Jul 16 2025,97,119,26,0,0
19:59:43 Jul 16 2025,97,118,20,0,0
19:59:45 Jul 16 2025,97,118,23,0,0
19:59:47 Jul 16 2025,97,119,22,0,0
19:59:49 Jul 16 2025,97,119,23,0,0
19:59:51 Jul 16 2025,97,119,23,0,0
19:59:53 Jul 16 2025,96,119,19,0,0
19:59:55 Jul 16 2025,96,119,32,0,0
19:59:57 Jul 16 2025,96,119,14,0,0
19:59:59 Jul 16 2025,95,119,13,0,0
20:00:01 Jul 16 2025,95,120,13,0,0
20:00:03 Jul 16 2025,94,120,11,0,0
20:00:05 Jul 16 2025,94,120,9,0,0
20:00:07 Jul 16 2025,94,120,10,0,0
20:00:09 Jul 16 2025,93,119,14,0,0
20:00:11 Jul 16 2025,93,120,35,0,0
20:00:13 Jul 16 2025,94,119,18,0,0
20:00:15 Jul 16 2025,94,119,11,0,0
20:00:17 Jul 16 2025,94,117,15,0,0
20:00:19 Jul 16 2025,94,116,13,0,0
20:00:21 Jul 16 2025,94,116,23,0,0
20:00:23 Jul 16 2025,94,115,22,0,0
20:00:25 Jul 16 2025,94,116,20,0,0
20:00:27 Jul 16 2025,94,117,17,0,0
20:00:29 Jul 16 2025,95,117,24,0,0
20:00:31 Jul 16 2025,95,117,21,0,0
20:00:33 Jul 16 2025,95,117,27,0,0
20:00:35 Jul 16 2025,95,118,15,0,0
20:00:37 Jul 16 2025,95,118,24,0,0
20:00:39 Jul 16 2025,94,119,37,0,0
20:00:41 Jul 16 2025,94,120,21,0,0
20:00:43 Jul 16 2025,94,120,17,0,0
20:00:45 Jul 16 2025,94,120,22,0,0
20:00:47 Jul 16 2025,94,121,20,0,0
20:00:49 Jul 16 2025,95,121,21,0,0
20:00:51 Jul 16 2025,95,121,17,0,0
20:00:53 Jul 16 2025,96,120,20,0,0
20:00:55 Jul 16 2025,96,119,20,0,0
20:00:57 Jul 16 2025,96,119,29,0,0
20:00:59 Jul 16 2025,96,118,24,0,0
20:01:01 Jul 16 2025,96,119,76,0,0
20:01:03 Jul 16 2025,96,118,29,0,0
20:01:05 Jul 16 2025,96,119,32,0,0
20:01:07 Jul 16 2025,96,119,23,0,0
20:01:09 Jul 16 2025,96,118,27,0,0
20:01:11 Jul 16 2025,97,119,29,0,0
20:01:13 Jul 16 2025,97,119,39,0,0
20:01:15 Jul 16 2025,97,120,20,0,0
20:01:17 Jul 16 2025,97,120,24,0,0
20:01:19 Jul 16 2025,97,120,28,0,0
20:01:21 Jul 16 2025,97,119,23,0,0
20:01:23 Jul 16 2025,98,119,28,0,0
20:01:25 Jul 16 2025,98,119,30,0,0
20:01:27 Jul 16 2025,98,119,34,0,0
20:01:29 Jul 16 2025,98,119,22,0,0
20:01:31 Jul 16 2025,98,119,43,0,0
20:01:33 Jul 16 2025,98,119,30,0,0
20:01:35 Jul 16 2025,98,119,29,0,0
20:01:37 Jul 16 2025,98,120,41,0,0
20:01:39 Jul 16 2025,98,119,35,0,0
20:01:41 Jul 16 2025,98,120,33,0,0
20:01:43 Jul 16 2025,98,121,33,0,0
20:01:45 Jul 16 2025,98,120,32,0,0
20:01:47 Jul 16 2025,98,119,25,0,0
20:01:49 Jul 16 2025,98,120,22,0,0
20:01:51 Jul 16 2025,98,119,23,0,0
20:01:53 Jul 16 2025,98,119,27,0,0
20:01:55 Jul 16 2025,97,119,22,0,0
20:01:57 Jul 16 2025,97,120,32,0,0
20:01:59 Jul 16 2025,97,118,47,0,0
20:02:01 Jul 16 2025,97,118,32,0,0
20:02:03 Jul 16 2025,97,119,41,0,0
20:02:05 Jul 16 2025,97,117,27,0,0
20:02:07 Jul 16 2025,97,117,28,0,0
20:02:09 Jul 16 2025,97,117,31,0,0
20:02:11 Jul 16 2025,97,118,34,0,0
20:02:13 Jul 16 2025,98,118,39,0,0
20:02:15 Jul 16 2025,98,118,22,0,0
20:02:17 Jul 16 2025,98,119,42,0,0
20:02:19 Jul 16 2025,98,120,15,0,0
20:02:21 Jul 16 2025,98,119,21,0,0
20:02:23 Jul 16 2025,98,119,25,0,0
20:02:25 Jul 16 2025,98,120,30,0,0
20:02:27 Jul 16 2025,98,119,20,0,0
20:02:29 Jul 16 2025,98,119,27,0,0
20:02:31 Jul 16 2025,97,119,28,0,0
20:02:33 Jul 16 2025,97,118,38,0,0
20:02:35 Jul 16 2025,97,118,29,0,0
20:02:37 Jul 16 2025,97,119,23,0,0
20:02:39 Jul 16 2025,97,119,31,0,0
20:02:41 Jul 16 2025,97,119,26,0,0
20:02:43 Jul 16 2025,98,120,29,0,0
20:02:45 Jul 16 2025,98,120,33,0,0
20:02:47 Jul 16 2025,98,120,28,0,0
20:02:49 Jul 16 2025,98,119,22,0,0
20:02:51 Jul 16 2025,98,119,21,0,0
20:02:53 Jul 16 2025,98,119,24,0,0
20:02:55 Jul 16 2025,98,119,23,0,0
20:02:57 Jul 16 2025,98,120,29,0,0
20:02:59 Jul 16 2025,98,119,22,0,0
20:03:01 Jul 16 2025,98,120,21,0,0
20:03:03 Jul 16 2025,98,120,28,0,0
20:03:05 Jul 16 2025,98,120,31,0,0
20:03:07 Jul 16 2025,98,120,25,0,0
20:03:09 Jul 16 2025,98,119,23,0,0
20:03:11 Jul 16 2025,98,119,25,0,0
20:03:13 Jul 16 2025,98,119,28,0,0
20:03:15 Jul 16 2025,98,119,28,0,0
20:03:17 Jul 16 2025,98,119,29,0,0
20:03:19 Jul 16 2025,98,119,36,0,0
20:03:21 Jul 16 2025,98,119,47,0,0
20:03:23 Jul 16 2025,98,119,35,0,0
20:03:25 Jul 16 2025,98,119,26,0,0
20:03:27 Jul 16 2025,98,119,28,0,0
20:03:29 Jul 16 2025,98,119,30,0,0
20:03:31 Jul 16 2025,98,119,26,0,0
20:03:33 Jul 16 2025,97,119,30,0,0
20:03:35 Jul 16 2025,97,119,34,0,0
20:03:37 Jul 16 2025,97,119,25,0,0
20:03:39 Jul 16 2025,97,119,34,0,0
20:03:41 Jul 16 2025,97,119,27,0,0
20:03:43 Jul 16 2025,98,120,40,0,0
20:03:45 Jul 16 2025,98,120,38,0,0
20:03:47 Jul 16 2025,98,119,22,0,0
20:03:49 Jul 16 2025,98,119,22,0,0
20:03:51 Jul 16 2025,98,120,24,0,0
20:03:53 Jul 16 2025,98,120,24,0,0
20:03:55 Jul 16 2025,98,119,25,0,0
20:03:57 Jul 16 2025,98,120,26,0,0
20:03:59 Jul 16 2025,98,120,28,0,0
20:04:01 Jul 16 2025,98,120,29,0,0
20:04:03 Jul 16 2025,98,119,34,0,0
20:04:05 Jul 16 2025,98,118,22,0,0
20:04:07 Jul 16 2025,98,120,42,0,0
20:04:09 Jul 16 2025,98,119,26,0,0
20:04:11 Jul 16 2025,98,118,33,0,0
20:04:13 Jul 16 2025,97,119,26,0,0
20:04:15 Jul 16 2025,97,118,37,0,0
20:04:17 Jul 16 2025,97,119,45,0,0
20:04:19 Jul 16 2025,97,119,26,0,0
20:04:21 Jul 16 2025,97,119,19,0,0
20:04:23 Jul 16 2025,97,120,27,0,0
20:04:25 Jul 16 2025,97,121,20,0,0
20:04:27 Jul 16 2025,97,121,38,0,0
20:04:29 Jul 16 2025,97,121,19,0,0
20:04:31 Jul 16 2025,97,120,18,0,0
20:04:33 Jul 16 2025,97,118,19,0,0
20:04:35 Jul 16 2025,97,117,16,0,0
20:04:37 Jul 16 2025,96,118,16,0,0
20:04:39 Jul 16 2025,96,119,21,0,0
20:04:41 Jul 16 2025,95,117,23,0,0
20:04:43 Jul 16 2025,95,119,24,0,0
20:04:45 Jul 16 2025,94,120,17,0,0
20:04:47 Jul 16 2025,95,121,24,0,0
20:04:49 Jul 16 2025,94,121,24,0,0
20:04:51 Jul 16 2025,93,120,22,0,0
20:04:53 Jul 16 2025,93,121,18,0,0
20:04:55 Jul 16 2025,92,121,24,0,0
20:04:57 Jul 16 2025,91,120,17,0,0
20:04:59 Jul 16 2025,91,120,19,0,0
20:05:01 Jul 16 2025,92,120,19,0,0
20:05:03 Jul 16 2025,92,120,21,0,0
20:05:05 Jul 16 2025,93,120,24,0,0
20:05:07 Jul 16 2025,93,120,18,0,0
20:05:09 Jul 16 2025,93,120,17,0,0
20:05:11 Jul 16 2025,93,121,19,0,0
20:05:13 Jul 16 2025,93,119,21,0,0
20:05:15 Jul 16 2025,93,120,24,0,0
20:05:17 Jul 16 2025,93,119,25,0,0
20:05:19 Jul 16 2025,93,120,21,0,0
20:05:21 Jul 16 2025,94,120,27,0,0
20:05:23 Jul 16 2025,94,119,37,0,0
20:05:25 Jul 16 2025,94,119,25,0,0
20:05:27 Jul 16 2025,94,117,21,0,0
20:05:29 Jul 16 2025,95,117,19,0,0
20:05:31 Jul 16 2025,95,116,13,0,0
20:05:33 Jul 16 2025,95,115,15,0,0
20:05:35 Jul 16 2025,95,115,23,0,0
20:05:37 Jul 16 2025,94,115,22,0,0
20:05:39 Jul 16 2025,94,114,14,0,0
20:05:41 Jul 16 2025,94,113,100,0,0
20:05:43 Jul 16 2025,93,113,5,0,0
20:05:45 Jul 16 2025,93,112,5,0,0
20:05:47 Jul 16 2025,94,111,5,0,0
20:05:49 Jul 16 2025,94,111,11,0,0
20:05:51 Jul 16 2025,94,110,18,0,0
20:05:53 Jul 16 2025,94,108,3,0,0
20:05:55 Jul 16 2025,94,109,14,0,0
20:05:57 Jul 16 2025,94,110,19,0,0
20:05:59 Jul 16 2025,94,109,14,0,0
20:06:01 Jul 16 2025,94,110,14,0,0
20:06:03 Jul 16 2025,94,110,23,0,0
20:06:05 Jul 16 2025,94,111,25,0,0
20:06:07 Jul 16 2025,94,111,3,0,0
20:06:09 Jul 16 2025,94,110,13,0,0
20:06:11 Jul 16 2025,94,111,14,0,0
20:06:13 Jul 16 2025,95,110,25,0,0
20:06:15 Jul 16 2025,95,110,7,0,0
20:06:17 Jul 16 2025,95,110,34,0,0
20:06:19 Jul 16 2025,95,110,18,0,0
20:06:21 Jul 16 2025,95,110,0,0,0
20:06:23 Jul 16 2025,95,110,9,0,0
20:06:25 Jul 16 2025,95,110,5,0,0
20:06:27 Jul 16 2025,95,110,8,0,0
20:06:29 Jul 16 2025,95,110,9,0,0
20:06:31 Jul 16 2025,95,110,15,0,0
20:06:33 Jul 16 2025,95,110,8,0,0
20:06:35 Jul 16 2025,95,110,5,0,0
20:06:37 Jul 16 2025,95,110,6,0,0
20:06:39 Jul 16 2025,95,110,8,0,0
20:06:41 Jul 16 2025,95,110,21,0,0
20:06:43 Jul 16 2025,95,110,8,0,0
20:06:45 Jul 16 2025,95,110,16,0,0
20:06:47 Jul 16 2025,95,110,10,0,0
20:06:49 Jul 16 2025,95,110,28,0,0
20:06:51 Jul 16 2025,95,110,20,0,0
20:06:53 Jul 16 2025,95,110,15,0,0
20:06:55 Jul 16 2025,95,110,13,0,0
20:06:57 Jul 16 2025,95,110,21,0,0
20:06:59 Jul 16 2025,95,110,10,0,0
20:07:01 Jul 16 2025,95,110,24,0,0
20:07:03 Jul 16 2025,95,110,7,0,0
20:07:05 Jul 16 2025,95,110,14,0,0
20:07:07 Jul 16 2025,95,110,9,0,0
20:07:09 Jul 16 2025,95,111,12,0,0
20:07:11 Jul 16 2025,95,111,47,0,0
20:07:13 Jul 16 2025,95,111,15,0,0
20:07:15 Jul 16 2025,95,110,10,0,0
20:07:17 Jul 16 2025,95,110,16,0,0
20:07:19 Jul 16 2025,95,110,7,0,0
20:07:21 Jul 16 2025,95,109,1,0,0
20:07:23 Jul 16 2025,95,109,1,0,0
20:07:25 Jul 16 2025,95,107,18,0,0
20:07:27 Jul 16 2025,96,105,6,0,0
20:07:29 Jul 16 2025,96,104,6,0,0
20:07:31 Jul 16 2025,96,102,23,0,0
20:07:33 Jul 16 2025,97,102,17,0,0
20:07:35 Jul 16 2025,97,102,8,0,0
20:07:37 Jul 16 2025,97,102,6,0,0
20:07:39 Jul 16 2025,97,102,6,0,0
20:07:41 Jul 16 2025,97,103,2,0,0
20:07:43 Jul 16 2025,97,104,2,0,0
20:07:45 Jul 16 2025,97,104,10,0,0
20:07:47 Jul 16 2025,97,104,10,0,0
20:07:49 Jul 16 2025,97,104,8,0,0
20:07:51 Jul 16 2025,97,104,3,0,0
20:07:53 Jul 16 2025,97,103,8,0,0
20:07:55 Jul 16 2025,97,103,2,0,0
20:07:57 Jul 16 2025,--,--,6,0,0
20:07:59 Jul 16 2025,--,--,2,0,0
20:08:01 Jul 16 2025,--,--,0,0,0
20:08:03 Jul 16 2025,--,--,0,0,0
20:08:05 Jul 16 2025,--,--,5,0,0
